open_time,open,high,low,close,volume
1771893000000,64858.77000000,64999.76000000,64826.60000000,64941.43000000,182.30291000
1771894800000,64941.42000000,64941.42000000,63433.84000000,64432.90000000,1739.88445000
1771896600000,64432.89000000,64614.50000000,64067.41000000,64160.27000000,662.87482000
1771898400000,64160.26000000,64322.70000000,64000.00000000,64313.72000000,337.74742000
1771900200000,64313.73000000,64500.00000000,64078.59000000,64109.81000000,261.88785000
1771902000000,64109.80000000,64109.80000000,63558.15000000,63705.78000000,734.21019000
1771903800000,63705.79000000,63789.38000000,63342.90000000,63595.51000000,578.55912000
1771905600000,63595.51000000,63628.52000000,62868.69000000,63220.71000000,1471.43503000
1771907400000,63220.71000000,63394.16000000,62986.16000000,63378.84000000,625.47547000
1771909200000,63378.84000000,63551.58000000,62700.80000000,62820.77000000,715.94296000
1771911000000,62820.77000000,63105.84000000,62728.04000000,63104.79000000,558.12741000
1771912800000,63104.79000000,63316.64000000,62900.00000000,63211.11000000,364.79655000
1771914600000,63211.11000000,63322.28000000,62919.50000000,63082.79000000,313.15113000
1771916400000,63082.79000000,63367.20000000,62866.42000000,63274.86000000,457.93759000
1771918200000,63274.87000000,63300.00000000,63005.31000000,63192.96000000,433.02366000
1771920000000,63192.79000000,63323.34000000,63009.92000000,63298.21000000,372.70764000
1771921800000,63298.21000000,63444.66000000,63267.48000000,63392.15000000,296.43892000
1771923600000,63392.15000000,63411.80000000,63100.00000000,63144.83000000,293.66284000
1771925400000,63144.83000000,63257.59000000,62908.92000000,63249.99000000,363.50782000
1771927200000,63250.00000000,63307.84000000,63112.70000000,63269.99000000,230.24060000
1771929000000,63269.99000000,63369.71000000,63150.00000000,63284.50000000,216.95151000
1771930800000,63284.51000000,63317.95000000,63147.06000000,63170.01000000,181.88931000
1771932600000,63170.01000000,63250.00000000,63063.63000000,63227.10000000,279.19451000
1771934400000,63227.11000000,63343.59000000,63101.70000000,63324.02000000,218.99627000
1771936200000,63324.03000000,63340.48000000,62965.21000000,62969.05000000,423.16225000
1771938000000,62969.04000000,63100.00000000,62851.63000000,62920.29000000,528.84827000
1771939800000,62920.30000000,63091.57000000,62510.28000000,62900.00000000,1833.35121000
1771941600000,62900.01000000,63029.07000000,62762.03000000,63000.89000000,388.66433000
1771943400000,63000.89000000,63834.21000000,62767.30000000,63453.99000000,1019.52522000
1771945200000,63454.00000000,63970.05000000,63300.00000000,63928.22000000,677.48008000
1771947000000,63928.21000000,64031.76000000,63666.22000000,63973.97000000,449.62680000
1771948800000,63973.98000000,64428.90000000,63882.75000000,63956.21000000,935.76956000
1771950600000,63956.21000000,64300.00000000,63689.54000000,64265.52000000,487.44017000
1771952400000,64265.53000000,64520.00000000,64109.94000000,64147.96000000,721.48811000
1771954200000,64147.96000000,64264.55000000,64042.80000000,64219.71000000,295.83694000
1771956000000,64219.70000000,64414.88000000,63872.72000000,64292.00000000,468.64125000
1771957800000,64292.01000000,64500.00000000,64287.44000000,64435.06000000,341.25193000
1771959600000,64435.05000000,64743.11000000,64250.52000000,64312.96000000,479.34843000
1771961400000,64312.96000000,64518.96000000,64303.75000000,64435.03000000,242.94620000
1771963200000,64435.03000000,64508.61000000,64318.03000000,64473.95000000,190.96567000
1771965000000,64473.96000000,64591.99000000,64388.80000000,64472.90000000,218.25877000
1771966800000,64472.90000000,64472.90000000,63820.50000000,63916.22000000,392.72999000
1771968600000,63916.22000000,64086.29000000,63871.79000000,64042.66000000,183.67913000
1771970400000,64042.66000000,64227.81000000,63973.79000000,64145.11000000,156.17014000
1771972200000,64145.11000000,64187.23000000,63984.32000000,64120.95000000,131.99168000
1771974000000,64120.96000000,64220.04000000,63853.99000000,64185.01000000,275.22116000
1771975800000,64185.01000000,64248.65000000,64027.00000000,64058.15000000,114.19589000
1771977600000,64058.15000000,64080.81000000,63913.27000000,63959.99000000,117.80727000
1771979400000,63960.00000000,64319.29000000,63960.00000000,64224.30000000,174.57310000
1771981200000,64224.29000000,66300.00000000,64145.20000000,65944.66000000,2051.82191000
1771983000000,65944.67000000,66271.99000000,65769.46000000,65896.75000000,788.25865000
1771984800000,65896.74000000,66310.00000000,65890.62000000,66113.25000000,893.50394000
1771986600000,66113.24000000,66173.73000000,65866.66000000,65884.83000000,359.41208000
1771988400000,65884.84000000,65955.87000000,65493.80000000,65586.17000000,436.32049000
1771990200000,65586.17000000,65636.61000000,65350.28000000,65391.73000000,365.47469000
1771992000000,65391.74000000,65622.91000000,65116.65000000,65589.68000000,484.11401000
1771993800000,65589.68000000,65650.00000000,65412.00000000,65457.99000000,239.38316000
1771995600000,65458.00000000,65511.21000000,65157.94000000,65197.50000000,267.43779000
1771997400000,65197.50000000,65239.72000000,64755.26000000,64882.76000000,564.17564000
1771999200000,64882.77000000,65124.04000000,64882.29000000,65027.52000000,194.99523000
1772001000000,65027.52000000,65118.92000000,64865.78000000,64898.22000000,199.77439000
1772002800000,64898.22000000,65193.25000000,64781.18000000,65116.59000000,257.33387000
1772004600000,65116.59000000,65189.87000000,64876.91000000,65028.30000000,425.25624000
1772006400000,65028.30000000,65247.10000000,64955.79000000,65192.31000000,262.58788000
1772008200000,65192.32000000,65586.87000000,65188.89000000,65530.49000000,431.77601000
1772010000000,65530.48000000,65692.62000000,65454.43000000,65570.10000000,364.70539000
1772011800000,65570.09000000,65579.67000000,65396.47000000,65558.71000000,181.10293000
1772013600000,65558.71000000,65648.74000000,65362.25000000,65368.19000000,170.98917000
1772015400000,65368.19000000,65512.50000000,65345.00000000,65400.87000000,144.13636000
1772017200000,65400.87000000,65401.47000000,65200.80000000,65362.21000000,222.46925000
1772019000000,65362.20000000,65485.91000000,65331.99000000,65430.04000000,220.13085000
1772020800000,65430.04000000,65929.94000000,65324.62000000,65780.60000000,484.67959000
1772022600000,65780.60000000,66240.00000000,65749.10000000,66068.94000000,832.03857000
1772024400000,66068.94000000,66300.00000000,66025.39000000,66179.44000000,733.37222000
1772026200000,66179.44000000,66684.10000000,66142.70000000,66248.62000000,1126.67065000
1772028000000,66248.63000000,66628.21000000,66207.72000000,66579.46000000,607.58518000
1772029800000,66579.20000000,67009.78000000,66202.66000000,66973.20000000,1572.58266000
1772031600000,66973.19000000,67249.20000000,66715.13000000,67071.05000000,1143.67403000
1772033400000,67071.06000000,67578.00000000,66966.84000000,67412.33000000,1379.23429000
1772035200000,67412.32000000,68100.01000000,67404.00000000,67872.16000000,1297.05853000
1772037000000,67872.17000000,68332.00000000,67823.52000000,68297.35000000,762.37080000
1772038800000,68297.35000000,68686.86000000,68016.53000000,68565.44000000,1326.57478000
1772040600000,68565.44000000,68879.96000000,68400.89000000,68674.20000000,1136.61188000
1772042400000,68674.20000000,69500.00000000,68373.33000000,69348.39000000,1191.76511000
1772044200000,69348.39000000,69550.00000000,69203.49000000,69328.07000000,913.24262000
1772046000000,69328.06000000,69406.93000000,68764.94000000,68972.90000000,1226.57269000
1772047800000,68972.90000000,69093.34000000,68779.60000000,69038.26000000,446.26693000
1772049600000,69038.26000000,69091.40000000,68619.22000000,68802.37000000,471.71759000
1772051400000,68802.38000000,69374.95000000,68775.76000000,69148.69000000,605.21244000
1772053200000,69148.69000000,69226.28000000,68800.00000000,68803.70000000,320.70309000
1772055000000,68803.71000000,69988.83000000,68773.83000000,68919.72000000,1241.41641000
1772056800000,68919.72000000,69176.00000000,68830.01000000,68878.86000000,275.31018000
1772058600000,68878.87000000,68905.97000000,68055.91000000,68432.13000000,817.57413000
1772060400000,68432.13000000,68696.97000000,68212.52000000,68277.25000000,374.16935000
1772062200000,68277.24000000,68294.02000000,67600.00000000,67988.04000000,646.04857000
1772064000000,67988.04000000,68445.82000000,67727.52000000,68280.80000000,621.06152000
1772065800000,68280.79000000,68539.17000000,67974.51000000,68335.99000000,513.50690000
1772067600000,68335.99000000,68700.00000000,68210.35000000,68390.41000000,373.86209000
1772069400000,68390.41000000,68551.99000000,68221.44000000,68248.30000000,245.32826000
1772071200000,68248.30000000,68267.10000000,67779.93000000,67936.40000000,568.28258000
1772073000000,67936.41000000,68351.00000000,67936.41000000,68257.45000000,264.91152000
1772074800000,68257.46000000,68379.59000000,68046.38000000,68102.57000000,246.29193000
1772076600000,68102.57000000,68316.16000000,68044.18000000,68216.86000000,162.22550000
1772078400000,68216.87000000,68693.42000000,68179.62000000,68562.56000000,312.83797000
1772080200000,68562.55000000,68860.00000000,68552.12000000,68571.36000000,274.72077000
1772082000000,68571.36000000,68571.37000000,68127.58000000,68357.86000000,309.54751000
1772083800000,68357.86000000,68509.57000000,68261.72000000,68443.81000000,177.27232000
1772085600000,68443.82000000,68522.00000000,68250.01000000,68255.65000000,353.72587000
1772087400000,68255.65000000,68260.20000000,68042.90000000,68176.75000000,264.90772000
1772089200000,68176.75000000,68290.18000000,68103.30000000,68177.70000000,205.37014000
1772091000000,68177.69000000,68194.11000000,67817.87000000,67825.04000000,634.77392000
1772092800000,67825.05000000,68236.00000000,67792.00000000,68029.71000000,328.71173000
1772094600000,68029.72000000,68144.27000000,67904.00000000,67954.01000000,432.97935000
1772096400000,67954.00000000,68418.51000000,67933.25000000,68188.52000000,414.29256000
1772098200000,68188.52000000,68644.59000000,68150.00000000,68589.41000000,681.02363000
1772100000000,68589.41000000,68722.64000000,68332.27000000,68332.28000000,474.25354000
1772101800000,68332.27000000,68464.49000000,68257.64000000,68301.62000000,214.40718000
1772103600000,68301.61000000,68404.25000000,68144.15000000,68158.58000000,303.84363000
1772105400000,68158.59000000,68230.70000000,67965.46000000,68051.31000000,419.10568000
1772107200000,68051.30000000,68303.83000000,68027.85000000,68150.46000000,323.07689000
1772109000000,68150.45000000,68290.17000000,68009.88000000,68171.56000000,319.00192000
1772110800000,68171.55000000,68213.98000000,67923.34000000,68158.51000000,290.76534000
1772112600000,68158.51000000,68195.52000000,67848.69000000,67905.35000000,408.20249000
1772114400000,67905.34000000,68151.78000000,67650.82000000,68116.00000000,527.90400000
1772116200000,68116.00000000,68272.21000000,67264.22000000,67697.74000000,1241.36333000
1772118000000,67696.89000000,67743.36000000,66855.21000000,66979.88000000,1124.27796000
1772119800000,66979.87000000,67610.47000000,66761.16000000,67382.00000000,971.60344000
1772121600000,67382.00000000,67566.85000000,67055.00000000,67452.01000000,504.68090000
1772123400000,67452.00000000,67458.05000000,66500.00000000,66643.55000000,1545.52003000
1772125200000,66643.56000000,67044.10000000,66600.46000000,66936.31000000,565.10201000
1772127000000,66936.31000000,67022.65000000,66620.01000000,66826.80000000,320.72554000
1772128800000,66826.80000000,67027.24000000,66575.73000000,66863.00000000,439.13640000
1772130600000,66863.00000000,67373.90000000,66842.51000000,67310.53000000,619.33556000
1772132400000,67310.53000000,67903.12000000,67285.99000000,67572.96000000,763.72847000
1772134200000,67572.95000000,67713.96000000,67394.64000000,67589.22000000,472.22166000
1772136000000,67589.21000000,67831.11000000,67550.54000000,67559.79000000,223.37996000
1772137800000,67559.79000000,67559.79000000,67269.42000000,67414.07000000,374.50991000
1772139600000,67414.07000000,67503.61000000,67150.14000000,67477.12000000,198.99939000
1772141400000,67477.11000000,67575.97000000,67372.00000000,67463.65000000,100.84793000
1772143200000,67463.65000000,67591.78000000,67301.75000000,67414.52000000,143.04628000
1772145000000,67414.52000000,67630.22000000,67405.13000000,67572.30000000,148.58732000
1772146800000,67572.30000000,67625.11000000,67390.65000000,67569.44000000,145.77105000
1772148600000,67569.43000000,67656.11000000,67414.65000000,67485.18000000,168.74632000
1772150400000,67485.19000000,67537.84000000,67170.00000000,67307.23000000,223.51451000
1772152200000,67307.23000000,67317.75000000,67000.00000000,67226.50000000,239.39579000
1772154000000,67226.50000000,67243.10000000,66885.00000000,67073.13000000,249.13793000
1772155800000,67073.12000000,67398.86000000,67023.13000000,67352.26000000,569.01645000
1772157600000,67352.26000000,67529.11000000,67280.00000000,67412.48000000,269.09191000
1772159400000,67412.48000000,67546.15000000,67263.56000000,67266.58000000,194.00420000
1772161200000,67266.58000000,67294.11000000,67099.71000000,67112.05000000,166.91689000
1772163000000,67112.06000000,67712.16000000,67112.06000000,67600.84000000,248.75682000
1772164800000,67600.84000000,68216.80000000,67578.67000000,67947.90000000,598.24629000
1772166600000,67947.91000000,67974.59000000,67685.22000000,67747.49000000,720.29182000
1772168400000,67747.49000000,67924.00000000,67688.03000000,67806.87000000,269.86972000
1772170200000,67806.88000000,67878.47000000,67683.30000000,67724.99000000,141.69631000
1772172000000,67725.00000000,67780.50000000,67525.46000000,67605.15000000,247.39860000
1772173800000,67605.15000000,67823.90000000,67605.14000000,67658.14000000,151.20508000
1772175600000,67658.14000000,67720.01000000,67459.30000000,67506.39000000,258.42304000
1772177400000,67506.40000000,67774.48000000,67463.32000000,67690.60000000,638.14182000
1772179200000,67690.60000000,68050.00000000,67655.86000000,67967.90000000,309.72136000
1772181000000,67967.90000000,68079.83000000,67745.08000000,67926.24000000,403.25911000
1772182800000,67926.25000000,68149.93000000,67836.95000000,68026.05000000,1030.57938000
1772184600000,68026.04000000,68042.43000000,67284.22000000,67355.73000000,346.71082000
1772186400000,67355.72000000,67416.78000000,66688.91000000,66788.31000000,889.78666000
1772188200000,66789.24000000,66959.62000000,66574.00000000,66604.91000000,525.04545000
1772190000000,66604.90000000,66778.68000000,66361.00000000,66525.66000000,565.25005000
1772191800000,66525.65000000,66575.95000000,65960.01000000,66126.99000000,834.34251000
1772193600000,66126.99000000,66217.42000000,65891.48000000,65899.99000000,1194.24794000
1772195400000,65900.00000000,66044.10000000,65734.71000000,65928.01000000,660.78535000
1772197200000,65928.01000000,66164.43000000,65901.58000000,66018.00000000,532.36996000
1772199000000,66017.99000000,66344.90000000,65649.34000000,66270.55000000,746.18321000
1772200800000,66270.55000000,66334.87000000,66002.68000000,66117.81000000,404.52558000
1772202600000,66117.81000000,66316.30000000,65686.64000000,65887.59000000,999.70648000
1772204400000,65887.59000000,66237.68000000,65845.18000000,66113.99000000,575.23673000
1772206200000,66113.98000000,66311.11000000,65866.00000000,66095.40000000,381.88305000
1772208000000,66095.40000000,66121.03000000,65755.40000000,65996.26000000,472.82200000
1772209800000,65996.26000000,66054.36000000,65462.93000000,65475.21000000,662.74287000
1772211600000,65475.21000000,65665.72000000,65190.59000000,65205.21000000,622.23229000
1772213400000,65205.21000000,65765.06000000,65113.72000000,65703.19000000,643.16480000
1772215200000,65703.18000000,65788.07000000,65379.79000000,65576.39000000,317.85713000
1772217000000,65576.39000000,65679.88000000,65228.33000000,65314.76000000,305.15124000
1772218800000,65314.76000000,65434.88000000,65172.60000000,65339.58000000,314.46809000
1772220600000,65339.59000000,65457.35000000,65250.00000000,65392.18000000,537.48782000
1772222400000,65392.18000000,65644.81000000,65392.18000000,65577.54000000,223.77093000
1772224200000,65577.55000000,65666.66000000,65464.00000000,65594.67000000,221.09375000
1772226000000,65594.67000000,65749.94000000,65496.05000000,65704.54000000,159.89280000
1772227800000,65704.54000000,65718.62000000,65400.00000000,65527.59000000,122.76360000
1772229600000,65527.59000000,65615.30000000,65446.98000000,65466.66000000,95.45397000
1772231400000,65466.66000000,65673.33000000,64914.46000000,65637.99000000,618.08093000
1772233200000,65638.00000000,65900.00000000,65551.67000000,65886.41000000,188.32781000
1772235000000,65886.42000000,65953.20000000,65828.32000000,65872.10000000,138.53339000
1772236800000,65872.09000000,66025.52000000,65721.13000000,65775.80000000,241.02194000
1772238600000,65775.80000000,65985.18000000,65735.74000000,65942.00000000,93.40255000
1772240400000,65942.01000000,65971.93000000,65814.01000000,65838.00000000,161.72426000
1772242200000,65838.01000000,65867.45000000,65743.71000000,65770.36000000,106.08848000
1772244000000,65770.36000000,65975.68000000,65761.94000000,65918.71000000,74.96602000
1772245800000,65918.70000000,66018.85000000,65913.33000000,65961.13000000,129.12686000
1772247600000,65961.13000000,65982.34000000,65850.48000000,65889.86000000,117.25001000
1772249400000,65889.86000000,65924.36000000,65745.39000000,65797.42000000,122.16396000
1772251200000,65797.42000000,65818.44000000,65641.62000000,65673.05000000,116.86602000
1772253000000,65673.05000000,65705.17000000,65488.00000000,65663.20000000,194.67080000
1772254800000,65663.21000000,65729.65000000,65623.44000000,65646.08000000,105.48177000
1772256600000,65646.08000000,65646.08000000,65500.00000000,65591.03000000,194.72218000
1772258400000,65591.03000000,65591.04000000,64400.00000000,64570.21000000,1152.70056000
1772260200000,64570.21000000,64580.05000000,63030.00000000,63216.01000000,2022.49389000
1772262000000,63216.01000000,63890.88000000,63038.00000000,63512.86000000,1030.34055000
1772263800000,63512.85000000,64327.22000000,63467.11000000,63826.00000000,1097.63872000
1772265600000,63825.99000000,63877.09000000,63420.00000000,63628.10000000,699.58891000
1772267400000,63628.11000000,63763.85000000,63411.39000000,63473.28000000,418.54947000
1772269200000,63473.27000000,64005.35000000,63372.10000000,63842.21000000,473.56925000
1772271000000,63842.20000000,63842.21000000,63543.98000000,63658.54000000,263.54814000
1772272800000,63658.55000000,64053.93000000,63452.64000000,63844.20000000,1266.51227000
1772274600000,63846.23000000,64053.62000000,63842.77000000,64010.39000000,366.91485000
1772276400000,64010.38000000,64307.26000000,63966.00000000,64250.89000000,491.95072000
1772278200000,64250.90000000,64307.44000000,63791.25000000,63844.20000000,753.68904000
1772280000000,63844.20000000,64082.66000000,63838.84000000,64000.00000000,212.44592000
1772281800000,63999.99000000,64071.01000000,63827.20000000,64017.19000000,262.39577000
1772283600000,64017.18000000,64205.01000000,63912.06000000,64029.50000000,489.08022000
1772285400000,64029.50000000,65216.97000000,63888.89000000,65106.44000000,1259.05033000
1772287200000,65106.45000000,65360.51000000,64650.00000000,64793.52000000,663.43998000
1772289000000,64793.51000000,65159.10000000,64278.50000000,64435.61000000,668.53246000
1772290800000,64435.62000000,64845.82000000,64200.00000000,64752.83000000,392.54782000
1772292600000,64752.82000000,65020.75000000,64644.01000000,64841.18000000,338.99107000
1772294400000,64841.17000000,65001.14000000,64681.81000000,64942.77000000,206.57370000
1772296200000,64942.76000000,65206.25000000,64888.77000000,65094.30000000,293.65995000
1772298000000,65094.29000000,65128.84000000,64895.14000000,65102.11000000,231.56226000
1772299800000,65102.12000000,65555.00000000,64828.03000000,65442.62000000,364.02183000
1772301600000,65442.61000000,65455.32000000,65185.70000000,65187.71000000,209.46121000
1772303400000,65187.72000000,66157.61000000,65187.71000000,65911.84000000,621.12027000
1772305200000,65911.83000000,65950.55000000,65602.65000000,65736.01000000,261.24270000
1772307000000,65736.00000000,66666.65000000,65717.92000000,66362.01000000,811.48854000
1772308800000,66362.01000000,67045.00000000,66190.61000000,66750.14000000,494.79212000
1772310600000,66750.14000000,67151.68000000,66620.88000000,66959.62000000,345.34051000
1772312400000,66959.63000000,66988.42000000,66368.42000000,66472.01000000,447.54989000
1772314200000,66472.01000000,67055.56000000,66404.05000000,66723.22000000,487.20995000
1772316000000,66723.23000000,67137.84000000,66608.82000000,67005.30000000,682.24483000
1772317800000,67005.30000000,67760.00000000,66963.54000000,67103.64000000,627.84635000
1772319600000,67103.63000000,67210.00000000,66891.13000000,66896.07000000,199.35262000
1772321400000,66896.07000000,67051.68000000,66733.73000000,66973.26000000,283.78497000
1772323200000,66973.26000000,67121.80000000,66766.24000000,66778.32000000,344.44930000
1772325000000,66778.32000000,66872.17000000,66620.50000000,66791.29000000,215.90264000
1772326800000,66791.29000000,66792.25000000,66042.72000000,66351.03000000,594.17701000
1772328600000,66351.03000000,67703.32000000,66290.42000000,67339.36000000,1036.01327000
1772330400000,67339.36000000,68199.99000000,67339.36000000,67764.51000000,1218.27836000
1772332200000,67764.51000000,68166.00000000,67600.04000000,67620.65000000,643.54434000
1772334000000,67620.65000000,67813.33000000,67400.00000000,67563.49000000,305.45431000
1772335800000,67563.50000000,67699.69000000,67420.39000000,67502.16000000,332.54285000
1772337600000,67502.16000000,67612.14000000,67079.36000000,67322.85000000,439.96630000
1772339400000,67322.86000000,67449.29000000,67251.83000000,67346.50000000,191.63911000
1772341200000,67346.50000000,67574.65000000,67200.00000000,67451.26000000,223.30626000
1772343000000,67451.27000000,67568.26000000,67278.39000000,67292.09000000,214.58780000
1772344800000,67292.08000000,67345.80000000,66888.75000000,67047.13000000,699.12349000
1772346600000,67047.13000000,67084.89000000,66749.35000000,66926.68000000,460.83980000
1772348400000,66926.69000000,67070.44000000,66784.58000000,66987.65000000,193.14565000
1772350200000,66987.65000000,67235.72000000,66911.60000000,67141.39000000,744.78713000
1772352000000,67141.40000000,67292.30000000,66917.14000000,67228.00000000,320.13864000
1772353800000,67228.00000000,67257.69000000,66389.33000000,66560.14000000,1155.67447000
1772355600000,66560.14000000,66771.10000000,66348.83000000,66612.96000000,439.84695000
1772357400000,66612.97000000,66647.11000000,66246.95000000,66410.08000000,375.88673000
1772359200000,66410.09000000,66601.71000000,66215.71000000,66578.20000000,333.53751000
1772361000000,66578.20000000,66731.47000000,66371.88000000,66467.06000000,287.64002000
1772362800000,66467.07000000,66661.61000000,66443.16000000,66557.85000000,150.23971000
1772364600000,66557.84000000,66571.39000000,66372.27000000,66468.03000000,187.95644000
1772366400000,66468.04000000,66550.00000000,66415.50000000,66415.51000000,184.76726000
1772368200000,66415.50000000,66511.70000000,66241.97000000,66296.48000000,204.06209000
1772370000000,66296.48000000,66424.00000000,66132.27000000,66319.99000000,231.16602000
1772371800000,66320.00000000,67360.57000000,66240.27000000,66934.79000000,1079.85509000
1772373600000,66934.80000000,67320.19000000,66763.63000000,66917.80000000,578.13438000
1772375400000,66917.79000000,67045.21000000,66752.58000000,66847.80000000,333.49193000
1772377200000,66847.80000000,67241.83000000,66833.76000000,67077.22000000,632.55701000
1772379000000,67077.23000000,67243.69000000,66828.60000000,66842.42000000,395.99875000
1772380800000,66842.42000000,67112.37000000,66690.89000000,67029.87000000,514.08845000
1772382600000,67029.87000000,67064.74000000,65730.28000000,66135.45000000,986.65451000
1772384400000,66135.45000000,66219.77000000,65699.98000000,66022.34000000,573.44425000
1772386200000,66022.33000000,66131.17000000,65933.87000000,65979.61000000,378.75305000
1772388000000,65979.61000000,66657.44000000,65979.61000000,66415.94000000,564.75825000
1772389800000,66415.94000000,66454.93000000,66243.70000000,66316.83000000,341.32440000
1772391600000,66316.84000000,66345.95000000,65953.12000000,66008.42000000,231.21861000
1772393400000,66008.42000000,66108.88000000,65772.29000000,65962.17000000,309.93770000
1772395200000,65962.16000000,65962.16000000,65313.84000000,65313.84000000,478.64271000
1772397000000,65313.85000000,65407.11000000,65084.02000000,65300.00000000,482.57078000
1772398800000,65300.01000000,65690.69000000,65281.83000000,65598.15000000,602.84438000
1772400600000,65598.16000000,65756.50000000,65540.48000000,65666.20000000,393.66088000
1772402400000,65666.19000000,66491.43000000,65522.77000000,65878.45000000,864.53698000
1772404200000,65878.46000000,65948.32000000,65056.00000000,65268.71000000,898.75778000
1772406000000,65268.71000000,66080.00000000,65125.67000000,65635.74000000,534.54013000
1772407800000,65635.74000000,65872.72000000,65605.58000000,65776.47000000,297.41511000
1772409600000,65776.48000000,66220.84000000,65761.04000000,65936.44000000,373.62130000
1772411400000,65936.43000000,66796.44000000,65929.50000000,66501.52000000,616.46130000
1772413200000,66501.52000000,67079.00000000,66358.45000000,66561.45000000,603.62055000
1772415000000,66561.45000000,66702.30000000,66418.82000000,66532.02000000,283.31016000
1772416800000,66532.02000000,66609.94000000,65890.50000000,66193.28000000,399.35633000
1772418600000,66193.29000000,66455.92000000,66162.90000000,66276.77000000,154.80632000
1772420400000,66276.77000000,66867.09000000,66101.07000000,66779.82000000,263.07097000
1772422200000,66779.83000000,67037.22000000,66708.62000000,66820.03000000,246.34143000
1772424000000,66820.03000000,66946.19000000,66667.23000000,66937.99000000,223.57590000
1772425800000,66937.99000000,66975.74000000,66633.13000000,66862.12000000,527.07613000
1772427600000,66862.11000000,66900.00000000,66547.81000000,66679.80000000,434.81483000
1772429400000,66679.81000000,66995.64000000,66670.50000000,66730.78000000,452.37975000
1772431200000,66730.78000000,66739.45000000,66066.53000000,66275.90000000,346.97867000
1772433000000,66275.90000000,66313.00000000,66062.83000000,66204.90000000,330.78100000
1772434800000,66204.90000000,66209.46000000,65542.60000000,65800.01000000,864.19714000
1772436600000,65800.00000000,66029.42000000,65782.01000000,66007.52000000,430.66191000
1772438400000,66007.80000000,66126.68000000,65654.54000000,65736.37000000,674.58197000
1772440200000,65736.38000000,66306.00000000,65725.71000000,66282.00000000,429.82935000
1772442000000,66281.99000000,66720.84000000,66210.00000000,66395.85000000,753.31203000
1772443800000,66395.86000000,66538.99000000,66164.96000000,66168.62000000,1032.97223000
1772445600000,66168.61000000,66352.00000000,66079.24000000,66259.70000000,217.17377000
1772447400000,66259.71000000,66381.74000000,66135.44000000,66316.40000000,219.11661000
1772449200000,66316.39000000,66316.40000000,66024.91000000,66064.89000000,615.65652000
1772451000000,66064.88000000,66462.40000000,66003.59000000,66359.68000000,419.12323000
1772452800000,66359.67000000,66391.38000000,66083.94000000,66134.90000000,181.07931000
1772454600000,66134.91000000,66147.88000000,65874.92000000,65963.43000000,582.01443000
1772456400000,65963.43000000,66157.28000000,65760.34000000,65815.35000000,718.47637000
1772458200000,65815.35000000,65941.67000000,65350.00000000,65440.01000000,858.33708000
1772460000000,65440.01000000,65665.99000000,65259.21000000,65589.08000000,918.57322000
1772461800000,65589.08000000,67220.81000000,65582.55000000,67177.06000000,2096.56391000
1772463600000,67177.05000000,68800.00000000,66975.29000000,68556.00000000,2649.22453000
1772465400000,68555.99000000,69617.74000000,68431.99000000,69130.20000000,2827.34421000
1772467200000,69130.20000000,69775.91000000,68933.69000000,69383.65000000,1697.64309000
1772469000000,69383.64000000,70096.00000000,69070.60000000,69428.62000000,1742.38879000
1772470800000,69428.62000000,69578.00000000,69175.41000000,69406.33000000,669.40726000
1772472600000,69406.33000000,69445.32000000,68793.88000000,69198.00000000,776.03424000
1772474400000,69198.00000000,69199.36000000,68727.83000000,69089.06000000,513.02414000
1772476200000,69089.07000000,69268.15000000,68820.50000000,68877.67000000,542.71896000
1772478000000,68877.67000000,68965.97000000,68576.18000000,68824.00000000,514.00060000
1772479800000,68824.00000000,69049.32000000,68717.70000000,68966.53000000,372.89054000
1772481600000,68966.52000000,69209.71000000,68584.90000000,68951.73000000,488.08673000
1772483400000,68951.74000000,69505.00000000,68912.00000000,69106.58000000,540.05152000
1772485200000,69106.58000000,69432.15000000,69000.71000000,69414.60000000,211.92443000
1772487000000,69414.60000000,69539.77000000,69337.99000000,69413.82000000,229.45939000
1772488800000,69413.82000000,69501.62000000,69136.36000000,69364.45000000,705.14722000
1772490600000,69364.45000000,69440.49000000,69241.46000000,69440.49000000,625.44516000
1772492400000,69440.48000000,69479.58000000,68990.98000000,69002.93000000,344.84374000
1772494200000,69002.92000000,69014.26000000,68740.00000000,68830.06000000,292.88604000
1772496000000,68830.06000000,69004.40000000,68644.38000000,68801.99000000,262.25316000
1772497800000,68802.00000000,69166.61000000,68680.51000000,69092.88000000,340.65759000
1772499600000,69092.89000000,69258.08000000,68886.28000000,68909.32000000,230.11266000
1772501400000,68909.31000000,69068.54000000,68755.00000000,68760.01000000,222.35732000
1772503200000,68760.01000000,68774.13000000,68210.71000000,68461.73000000,624.27148000
1772505000000,68459.98000000,68630.23000000,68374.99000000,68512.17000000,223.99757000
1772506800000,68512.17000000,68550.00000000,68231.47000000,68419.34000000,330.36574000
1772508600000,68419.35000000,68544.56000000,68315.84000000,68377.94000000,128.08161000
1772510400000,68377.94000000,68454.63000000,68285.43000000,68323.53000000,153.69573000
1772512200000,68323.53000000,68390.45000000,68050.11000000,68123.20000000,282.76570000
1772514000000,68123.19000000,68617.42000000,68044.00000000,68408.81000000,401.11525000
1772515800000,68408.81000000,68416.66000000,67845.84000000,67947.75000000,512.73820000
1772517600000,67947.75000000,68038.59000000,67830.70000000,67887.00000000,347.59132000
1772519400000,67887.00000000,68250.24000000,67800.00000000,68106.73000000,473.60155000
1772521200000,68106.73000000,68275.20000000,67951.24000000,68245.30000000,600.87065000
1772523000000,68245.31000000,68250.00000000,68059.11000000,68172.80000000,564.73454000
1772524800000,68172.79000000,68311.83000000,67703.79000000,67747.78000000,747.02415000
1772526600000,67747.77000000,67752.77000000,66905.00000000,67003.30000000,1136.42805000
1772528400000,67003.30000000,67184.71000000,66589.87000000,66629.37000000,877.02753000
1772530200000,66629.37000000,66705.17000000,66340.14000000,66647.98000000,890.85583000
1772532000000,66647.98000000,66700.00000000,66440.46000000,66512.33000000,506.83066000
1772533800000,66512.34000000,67030.75000000,66448.22000000,66860.30000000,652.67666000
1772535600000,66860.30000000,67077.39000000,66779.37000000,66837.45000000,544.38779000
1772537400000,66837.44000000,67166.50000000,66823.77000000,67026.61000000,727.52845000
1772539200000,67026.60000000,67973.20000000,67025.93000000,67585.20000000,903.35030000
1772541000000,67585.20000000,67591.75000000,67260.32000000,67399.85000000,420.16049000
1772542800000,67399.85000000,67435.00000000,66969.56000000,67107.29000000,325.77172000
1772544600000,67107.29000000,67107.29000000,66635.30000000,66931.31000000,383.98646000
1772546400000,66931.32000000,67354.67000000,66859.86000000,67118.32000000,442.81141000
1772548200000,67118.31000000,67603.94000000,66158.00000000,66568.95000000,1272.01322000
1772550000000,66568.95000000,67019.23000000,66471.79000000,66820.95000000,720.89638000
1772551800000,66820.94000000,67834.93000000,66815.44000000,67725.81000000,974.29882000
1772553600000,67725.82000000,68999.00000000,67659.75000000,68828.97000000,1294.33176000
1772555400000,68828.96000000,68828.96000000,67473.09000000,68175.90000000,1287.57967000
1772557200000,68175.89000000,68292.18000000,67626.53000000,68234.65000000,626.43389000
1772559000000,68234.64000000,68400.00000000,67766.50000000,68318.66000000,355.71459000
1772560800000,68318.66000000,68599.58000000,67976.47000000,68465.88000000,569.12179000
1772562600000,68465.87000000,68914.01000000,68430.45000000,68628.49000000,405.00823000
1772564400000,68628.50000000,68888.88000000,68312.83000000,68654.25000000,524.68630000
1772566200000,68654.25000000,68799.25000000,68351.30000000,68435.00000000,421.82396000
1772568000000,68435.00000000,68506.10000000,68149.30000000,68390.95000000,321.55913000
1772569800000,68390.96000000,68591.24000000,68092.10000000,68266.00000000,271.43960000
1772571600000,68265.99000000,68265.99000000,67832.30000000,67936.44000000,260.35995000
1772573400000,67936.45000000,68098.00000000,67886.86000000,68024.62000000,259.56369000
1772575200000,68024.63000000,68524.54000000,68024.62000000,68259.87000000,309.52605000
1772577000000,68259.87000000,68430.36000000,68187.77000000,68327.20000000,264.34651000
1772578800000,68327.20000000,68860.00000000,68245.64000000,68490.46000000,392.79172000
1772580600000,68490.46000000,68582.83000000,68252.00000000,68338.00000000,182.69697000
1772582400000,68338.01000000,68413.90000000,68093.10000000,68293.87000000,425.18722000
1772584200000,68293.87000000,68336.84000000,67857.61000000,68093.19000000,342.43201000
1772586000000,68093.20000000,68341.12000000,67963.28000000,68251.99000000,621.24271000
1772587800000,68251.99000000,68909.34000000,68212.00000000,68405.00000000,673.38057000
1772589600000,68405.00000000,68447.72000000,68037.55000000,68067.01000000,343.51551000
1772591400000,68067.01000000,68396.50000000,67984.56000000,68323.33000000,454.59777000
1772593200000,68323.33000000,68383.63000000,67950.00000000,67976.25000000,497.82818000
1772595000000,67976.25000000,67995.79000000,67400.00000000,67732.20000000,456.67953000
1772596800000,67732.19000000,67954.89000000,67513.15000000,67600.01000000,371.35490000
1772598600000,67600.00000000,67850.91000000,67467.60000000,67786.00000000,695.03490000
1772600400000,67786.00000000,67958.15000000,67682.64000000,67831.48000000,255.57111000
1772602200000,67831.49000000,68397.84000000,67733.21000000,68206.59000000,410.71658000
1772604000000,68206.58000000,68276.69000000,68048.63000000,68128.53000000,401.08160000
1772605800000,68128.54000000,68678.76000000,68126.74000000,68508.02000000,887.39948000
1772607600000,68508.02000000,68766.46000000,68349.49000000,68766.45000000,697.40859000
1772609400000,68766.45000000,69668.00000000,68646.93000000,69493.13000000,1370.27353000
1772611200000,69493.14000000,69717.60000000,69098.91000000,69316.41000000,1463.19512000
1772613000000,69316.42000000,71163.00000000,69305.62000000,71011.40000000,3212.16138000
1772614800000,71011.40000000,71522.00000000,70724.26000000,71310.00000000,2544.38209000
1772616600000,71310.00000000,71893.00000000,71214.96000000,71520.76000000,1651.80795000
1772618400000,71520.76000000,71878.17000000,71341.59000000,71526.61000000,1150.85089000
1772620200000,71526.61000000,71554.98000000,71200.00000000,71348.92000000,928.54057000
1772622000000,71348.92000000,71499.75000000,71201.51000000,71225.69000000,407.61040000
1772623800000,71225.70000000,71308.59000000,70928.25000000,71111.40000000,787.54937000
1772625600000,71111.40000000,71145.00000000,70616.11000000,70628.57000000,644.27626000
1772627400000,70628.56000000,71364.14000000,70588.00000000,71339.71000000,842.25932000
1772629200000,71339.72000000,71624.99000000,71214.40000000,71364.49000000,580.81264000
1772631000000,71364.48000000,71543.20000000,71250.00000000,71477.17000000,987.45576000
1772632800000,71477.17000000,72000.00000000,71396.84000000,71751.67000000,1365.63410000
1772634600000,71751.68000000,72633.00000000,71300.10000000,71621.04000000,2773.44540000
1772636400000,71621.03000000,72997.00000000,71580.62000000,72972.15000000,1797.49057000
1772638200000,72972.15000000,73479.75000000,72576.10000000,73396.88000000,2386.86939000
1772640000000,73396.87000000,73500.00000000,72541.69000000,72964.39000000,1823.30885000
1772641800000,72964.39000000,73458.00000000,72898.14000000,73294.84000000,804.25088000
1772643600000,73294.84000000,73759.99000000,72932.80000000,73053.05000000,1451.29991000
1772645400000,73053.05000000,73400.00000000,73053.05000000,73218.92000000,807.57839000
1772647200000,73218.93000000,73418.44000000,72912.11000000,73405.90000000,578.94188000
1772649000000,73405.91000000,73700.00000000,73142.00000000,73693.50000000,542.59502000
1772650800000,73693.50000000,74050.00000000,73522.12000000,73557.99000000,1759.51887000
1772652600000,73558.00000000,73868.41000000,73516.00000000,73611.10000000,897.51242000
1772654400000,73611.67000000,73716.00000000,73253.91000000,73469.95000000,412.57936000
1772656200000,73469.95000000,73567.45000000,73001.05000000,73019.68000000,491.94776000
1772658000000,73019.69000000,73211.70000000,72878.00000000,73161.57000000,532.08630000
1772659800000,73161.57000000,73322.93000000,73064.56000000,73309.72000000,304.44066000
1772661600000,73309.73000000,73523.31000000,73189.73000000,73260.00000000,323.31990000
1772663400000,73260.00000000,73305.26000000,72638.29000000,72705.86000000,571.47866000
1772665200000,72705.86000000,72880.88000000,72483.69000000,72538.00000000,365.22818000
1772667000000,72538.00000000,72830.01000000,72313.04000000,72666.77000000,824.94366000
1772668800000,72666.77000000,72972.23000000,72553.65000000,72827.70000000,555.21262000
1772670600000,72827.70000000,73000.00000000,72705.37000000,72760.00000000,449.56384000
1772672400000,72759.99000000,73306.82000000,72682.08000000,72945.09000000,461.69589000
1772674200000,72945.09000000,72959.97000000,72409.10000000,72538.72000000,359.49263000
1772676000000,72538.72000000,72916.50000000,72514.26000000,72716.18000000,336.18080000
1772677800000,72716.19000000,72719.14000000,72336.76000000,72506.19000000,292.44699000
1772679600000,72506.18000000,72750.00000000,72481.47000000,72531.91000000,377.37827000
1772681400000,72531.90000000,72550.29000000,72344.51000000,72497.89000000,290.99379000
1772683200000,72497.89000000,72832.91000000,72447.96000000,72793.66000000,216.59293000
1772685000000,72793.66000000,73081.08000000,72536.58000000,72815.70000000,533.41417000
1772686800000,72815.70000000,72912.82000000,72450.10000000,72480.45000000,342.01279000
1772688600000,72480.45000000,72646.87000000,72260.74000000,72412.15000000,743.88517000
1772690400000,72412.15000000,72545.09000000,72037.56000000,72399.07000000,722.08966000
1772692200000,72399.07000000,72655.23000000,72301.50000000,72553.62000000,341.01524000
1772694000000,72553.63000000,72675.07000000,72429.79000000,72527.28000000,334.63000000
1772695800000,72527.28000000,72527.28000000,71759.95000000,72055.50000000,1112.38462000
1772697600000,72055.50000000,72083.68000000,71757.17000000,71829.90000000,548.66050000
1772699400000,71829.90000000,72370.21000000,71796.78000000,72333.70000000,872.51848000
1772701200000,72333.70000000,72775.20000000,72298.83000000,72690.81000000,669.68745000
1772703000000,72690.80000000,72875.85000000,72424.00000000,72591.59000000,491.09403000
1772704800000,72591.59000000,73385.72000000,72517.06000000,73151.80000000,961.97501000
1772706600000,73151.80000000,73558.15000000,73142.01000000,73388.92000000,627.29279000
1772708400000,73388.91000000,73449.96000000,72910.02000000,73122.37000000,882.56754000
1772710200000,73122.37000000,73122.37000000,72766.75000000,72915.79000000,1208.58464000
1772712000000,72915.80000000,73024.20000000,72666.93000000,72809.10000000,451.16796000
1772713800000,72809.10000000,73063.38000000,72700.00000000,72890.73000000,278.82356000
1772715600000,72890.73000000,72935.30000000,72333.85000000,72523.38000000,428.36280000
1772717400000,72523.39000000,72694.23000000,72189.70000000,72467.79000000,680.62579000
1772719200000,72467.79000000,72633.70000000,72320.65000000,72552.36000000,387.13636000
1772721000000,72552.37000000,72835.73000000,71944.18000000,72609.29000000,1059.49863000
1772722800000,72609.30000000,72770.00000000,71252.10000000,71278.46000000,1395.26235000
1772724600000,71278.46000000,71745.27000000,71168.65000000,71652.77000000,926.68078000
1772726400000,71652.77000000,71654.65000000,70786.06000000,70995.76000000,1169.39390000
1772728200000,70995.76000000,71632.08000000,70985.16000000,71305.92000000,566.85718000
1772730000000,71305.92000000,71572.00000000,70893.88000000,70928.41000000,617.37942000
1772731800000,70928.41000000,71014.00000000,70645.47000000,70704.41000000,605.99151000
1772733600000,70703.37000000,71066.78000000,70656.63000000,70818.87000000,423.16751000
1772735400000,70818.86000000,71090.32000000,70800.00000000,70990.65000000,297.38822000
1772737200000,70990.66000000,71430.78000000,70990.66000000,71107.41000000,406.45827000
1772739000000,71107.40000000,71160.34000000,70870.00000000,70918.07000000,220.01917000
1772740800000,70918.08000000,71338.41000000,70840.00000000,71178.64000000,288.41839000
1772742600000,71178.63000000,71394.45000000,71042.85000000,71236.51000000,208.32202000
1772744400000,71236.51000000,71572.30000000,71231.29000000,71517.81000000,338.05523000
1772746200000,71517.80000000,71567.75000000,71023.52000000,71141.93000000,208.43168000
1772748000000,71141.93000000,71295.86000000,71074.45000000,71160.45000000,598.66198000
1772749800000,71160.45000000,71364.45000000,71151.22000000,71208.54000000,235.96367000
1772751600000,71208.54000000,71292.44000000,71162.00000000,71213.98000000,523.98854000
1772753400000,71213.99000000,71219.26000000,70777.00000000,70890.72000000,543.08776000
1772755200000,70891.02000000,71047.95000000,70833.36000000,70915.99000000,480.76121000
1772757000000,70915.99000000,71007.83000000,70784.00000000,70988.19000000,192.69959000
1772758800000,70988.19000000,71020.00000000,70344.03000000,70465.03000000,640.23245000
1772760600000,70465.03000000,71301.74000000,70455.84000000,71257.20000000,417.66146000
1772762400000,71257.20000000,71419.98000000,71036.00000000,71335.89000000,333.94546000
1772764200000,71335.90000000,71368.75000000,71142.00000000,71252.43000000,418.53846000
1772766000000,71252.43000000,71305.42000000,71000.00000000,71181.00000000,226.77035000
1772767800000,71181.00000000,71227.44000000,71019.80000000,71080.38000000,321.32368000
1772769600000,71080.37000000,71120.17000000,70867.93000000,70871.89000000,151.87861000
1772771400000,70871.88000000,70961.64000000,70270.21000000,70613.61000000,515.94551000
1772773200000,70613.61000000,70658.01000000,70326.00000000,70393.09000000,458.55189000
1772775000000,70393.10000000,70501.86000000,70143.19000000,70436.19000000,507.56354000
1772776800000,70436.18000000,70520.97000000,70261.23000000,70425.92000000,230.25724000
1772778600000,70425.91000000,70853.37000000,70379.21000000,70597.23000000,442.05643000
1772780400000,70597.23000000,70878.24000000,70468.97000000,70858.50000000,340.78207000
1772782200000,70858.50000000,71192.76000000,70858.50000000,71056.44000000,441.27579000
1772784000000,71056.44000000,71067.58000000,70833.58000000,70934.14000000,315.92253000
1772785800000,70934.13000000,71026.42000000,70735.85000000,70789.49000000,253.50316000
1772787600000,70789.49000000,70808.65000000,70360.44000000,70411.58000000,363.85606000
1772789400000,70411.57000000,70628.78000000,70300.00000000,70565.56000000,274.11954000
1772791200000,70565.56000000,70800.00000000,70524.01000000,70778.98000000,150.82777000
1772793000000,70778.97000000,70799.99000000,70467.88000000,70527.93000000,318.99100000
1772794800000,70527.93000000,70610.00000000,70418.53000000,70547.97000000,222.97493000
1772796600000,70547.97000000,70643.27000000,70184.01000000,70212.95000000,540.96046000
1772798400000,70212.94000000,70224.84000000,69793.84000000,70004.19000000,1309.77381000
1772800200000,70004.19000000,70062.18000000,69660.00000000,69907.00000000,597.66245000
1772802000000,69907.00000000,70227.47000000,69843.03000000,70060.84000000,488.95332000
1772803800000,70060.84000000,70341.76000000,69208.00000000,69208.00000000,1580.77629000
1772805600000,69213.18000000,69273.87000000,68642.57000000,68986.01000000,1702.90684000
1772807400000,68986.01000000,69095.51000000,68176.47000000,68409.89000000,1445.59995000
1772809200000,68409.89000000,69023.99000000,68323.00000000,68886.86000000,819.20551000
1772811000000,68886.86000000,69100.00000000,68306.00000000,68504.71000000,609.47998000
1772812800000,68504.71000000,68795.44000000,68222.00000000,68537.47000000,564.79616000
1772814600000,68537.47000000,68714.83000000,68336.71000000,68446.52000000,390.21333000
1772816400000,68446.52000000,68642.69000000,68200.00000000,68245.83000000,442.03615000
1772818200000,68245.83000000,68291.65000000,67744.78000000,67955.10000000,794.75308000
1772820000000,67955.10000000,68426.57000000,67955.10000000,68292.00000000,295.58366000
1772821800000,68291.99000000,68476.47000000,68162.31000000,68181.20000000,219.39702000
1772823600000,68181.20000000,68485.01000000,68098.39000000,68216.47000000,417.47351000
1772825400000,68216.46000000,68311.61000000,68004.15000000,68131.79000000,200.16141000
1772827200000,68131.79000000,68285.71000000,67777.00000000,67832.74000000,356.95643000
1772829000000,67832.73000000,68178.18000000,67812.45000000,68111.03000000,311.66187000
1772830800000,68111.03000000,68189.17000000,67919.72000000,68005.64000000,206.19747000
1772832600000,68005.64000000,68333.33000000,67969.88000000,68289.10000000,398.61149000
1772834400000,68289.11000000,68388.18000000,68252.94000000,68288.91000000,137.16607000
1772836200000,68288.91000000,68440.92000000,68221.38000000,68319.89000000,167.74654000
1772838000000,68319.90000000,68371.24000000,68248.00000000,68347.76000000,328.50174000
1772839800000,68347.76000000,68351.01000000,68105.71000000,68114.02000000,282.87395000
1772841600000,68114.02000000,68260.95000000,68105.73000000,68210.27000000,534.30388000
1772843400000,68210.26000000,68394.09000000,68210.26000000,68290.45000000,119.07717000
1772845200000,68290.46000000,68369.11000000,68180.95000000,68225.06000000,190.96695000
1772847000000,68225.06000000,68343.36000000,68185.99000000,68262.01000000,125.09450000
1772848800000,68262.01000000,68300.00000000,68107.01000000,68107.02000000,128.86135000
1772850600000,68107.02000000,68367.73000000,68060.60000000,68350.04000000,188.10274000
1772852400000,68350.05000000,68551.04000000,68233.79000000,68233.79000000,244.54699000
1772854200000,68233.80000000,68269.76000000,68095.50000000,68095.50000000,205.77312000
1772856000000,68095.50000000,68115.18000000,67817.00000000,68028.25000000,441.67673000
1772857800000,68028.24000000,68147.73000000,67972.60000000,68063.43000000,179.98836000
1772859600000,68063.42000000,68140.49000000,67908.00000000,68020.40000000,338.89517000
1772861400000,68020.39000000,68114.52000000,67950.00000000,68018.26000000,154.99255000
1772863200000,68018.27000000,68021.14000000,67852.71000000,67865.10000000,165.54417000
1772865000000,67865.10000000,67954.91000000,67612.21000000,67690.86000000,323.82166000
1772866800000,67690.86000000,67770.59000000,67446.41000000,67727.60000000,515.47795000
1772868600000,67727.60000000,67865.23000000,67664.43000000,67842.67000000,253.27104000
1772870400000,67842.67000000,68045.07000000,67774.13000000,67946.49000000,268.66337000
1772872200000,67946.49000000,68013.90000000,67720.98000000,67795.40000000,197.28994000
1772874000000,67795.40000000,68074.97000000,67738.31000000,67958.52000000,182.99895000
1772875800000,67958.52000000,68032.86000000,67940.68000000,68000.00000000,149.46324000
1772877600000,68000.00000000,68102.73000000,67913.22000000,67972.08000000,201.98135000
1772879400000,67972.08000000,68000.00000000,67870.43000000,67880.31000000,117.43904000
1772881200000,67880.31000000,68232.27000000,67841.67000000,68145.55000000,227.23687000
1772883000000,68145.55000000,68160.66000000,68010.00000000,68010.01000000,145.00462000
1772884800000,68010.00000000,68085.41000000,67959.20000000,68025.00000000,265.50335000
1772886600000,68024.99000000,68034.31000000,67900.01000000,67992.54000000,93.53532000
1772888400000,67992.54000000,68081.16000000,67940.94000000,67992.43000000,173.85576000
1772890200000,67992.43000000,68048.89000000,67855.82000000,67931.06000000,144.38060000
1772892000000,67931.06000000,67931.06000000,67609.44000000,67807.42000000,266.72520000
1772893800000,67807.42000000,68083.79000000,67800.03000000,68016.70000000,206.54923000
1772895600000,68016.70000000,68020.53000000,67856.71000000,67962.07000000,414.78840000
1772897400000,67962.06000000,68034.67000000,67769.89000000,67877.45000000,163.05628000
1772899200000,67877.45000000,67889.68000000,67754.00000000,67772.22000000,173.19858000
1772901000000,67772.23000000,67832.96000000,67702.20000000,67783.63000000,176.07052000
1772902800000,67783.63000000,67935.01000000,67783.62000000,67882.83000000,84.56300000
1772904600000,67882.83000000,67888.25000000,67768.97000000,67788.41000000,133.11804000
1772906400000,67788.40000000,67788.41000000,67480.00000000,67662.00000000,594.35933000
1772908200000,67662.00000000,67672.29000000,67489.97000000,67568.13000000,585.88849000
1772910000000,67568.13000000,67572.35000000,67177.00000000,67227.72000000,458.41659000
1772911800000,67227.71000000,67347.15000000,66915.26000000,67080.34000000,853.81361000
1772913600000,67080.33000000,67305.39000000,67068.01000000,67250.47000000,206.88181000
1772915400000,67250.48000000,67437.50000000,67250.48000000,67402.98000000,383.58937000
1772917200000,67402.98000000,67483.05000000,67345.17000000,67448.56000000,295.13061000
1772919000000,67448.56000000,67460.89000000,67281.34000000,67452.98000000,343.86934000
1772920800000,67452.97000000,67469.87000000,67259.82000000,67276.43000000,126.98159000
1772922600000,67276.43000000,67364.11000000,67101.31000000,67258.65000000,579.83165000
1772924400000,67258.65000000,67403.85000000,67183.39000000,67378.22000000,263.09845000
1772926200000,67378.23000000,67398.26000000,67234.46000000,67262.91000000,131.86632000
1772928000000,67262.91000000,67481.96000000,67258.94000000,67347.61000000,244.58970000
1772929800000,67347.62000000,67365.78000000,67181.04000000,67194.77000000,307.68084000
1772931600000,67194.77000000,67321.12000000,67158.00000000,67219.99000000,265.53332000
1772933400000,67220.00000000,67353.57000000,67090.00000000,67297.27000000,300.32231000
1772935200000,67297.27000000,67353.57000000,67208.73000000,67223.65000000,304.75606000
1772937000000,67223.64000000,67426.52000000,66833.58000000,66925.44000000,461.15105000
1772938800000,66925.45000000,67083.10000000,66850.00000000,67005.10000000,356.28061000
1772940600000,67005.10000000,67071.04000000,66940.47000000,67000.26000000,643.12563000
1772942400000,67000.26000000,67100.01000000,66931.29000000,67008.78000000,661.29695000
1772944200000,67008.78000000,67017.80000000,66547.15000000,66637.36000000,545.58619000
1772946000000,66637.35000000,67197.11000000,66617.76000000,67126.61000000,214.42313000
1772947800000,67126.61000000,67250.24000000,67104.00000000,67149.93000000,187.58040000
1772949600000,67149.93000000,67231.86000000,67046.92000000,67055.04000000,133.14092000
1772951400000,67055.04000000,67220.73000000,67035.18000000,67161.52000000,113.49143000
1772953200000,67161.52000000,67465.11000000,67154.91000000,67368.15000000,498.42827000
1772955000000,67368.14000000,67378.06000000,67249.67000000,67319.91000000,512.15075000
1772956800000,67319.90000000,67399.01000000,67156.93000000,67276.85000000,590.70017000
1772958600000,67276.85000000,67577.36000000,67232.97000000,67539.33000000,417.92443000
1772960400000,67539.34000000,67905.03000000,67474.00000000,67847.63000000,684.06095000
1772962200000,67847.63000000,67856.67000000,67680.99000000,67681.00000000,427.81762000
1772964000000,67681.00000000,68200.00000000,67680.99000000,68057.83000000,361.80682000
1772965800000,68057.82000000,68077.36000000,67875.38000000,67904.14000000,284.41845000
1772967600000,67904.15000000,67904.15000000,67456.88000000,67679.48000000,268.69694000
1772969400000,67679.48000000,67810.55000000,67411.76000000,67515.00000000,267.97890000
1772971200000,67515.00000000,67650.94000000,66888.00000000,67431.46000000,700.83495000
1772973000000,67431.46000000,67485.95000000,67294.29000000,67324.72000000,201.58077000
1772974800000,67324.71000000,67431.81000000,66813.92000000,67163.88000000,1231.47707000
1772976600000,67163.88000000,67321.81000000,66761.68000000,67234.86000000,756.11263000
1772978400000,67234.86000000,67426.69000000,67200.00000000,67265.54000000,231.93306000
1772980200000,67265.54000000,67388.17000000,67055.73000000,67339.76000000,463.38393000
1772982000000,67339.75000000,67369.36000000,67140.95000000,67175.49000000,351.55277000
1772983800000,67175.49000000,67233.27000000,67080.00000000,67218.23000000,527.60878000
1772985600000,67218.23000000,67268.44000000,67040.00000000,67113.90000000,177.22177000
1772987400000,67113.90000000,67113.91000000,66802.47000000,66872.15000000,361.53413000
1772989200000,66872.15000000,67179.98000000,66800.01000000,67070.24000000,436.47048000
1772991000000,67070.24000000,67127.01000000,66942.20000000,67065.00000000,375.95798000
1772992800000,67065.00000000,67076.00000000,66763.82000000,66930.67000000,202.02207000
1772994600000,66930.68000000,66991.66000000,66745.54000000,66804.00000000,285.95572000
1772996400000,66803.99000000,67269.32000000,66779.82000000,67199.54000000,336.72520000
1772998200000,67199.54000000,67485.24000000,67199.54000000,67337.42000000,374.38149000
1773000000000,67337.41000000,67337.42000000,67031.79000000,67031.79000000,243.53751000
1773001800000,67031.80000000,67609.08000000,67028.45000000,67238.80000000,901.39476000
1773003600000,67238.79000000,67266.00000000,66712.69000000,66936.05000000,491.13637000
1773005400000,66936.42000000,67047.71000000,66894.69000000,67020.01000000,467.89894000
1773007200000,67020.01000000,67020.01000000,65618.49000000,65915.08000000,2192.38147000
1773009000000,65915.09000000,66309.53000000,65728.70000000,66236.80000000,549.64288000
1773010800000,66236.80000000,66569.24000000,66116.24000000,66470.01000000,323.14450000
1773012600000,66470.01000000,66514.31000000,65930.30000000,65971.20000000,356.80794000
1773014400000,65971.20000000,66402.23000000,65821.97000000,66170.40000000,396.11483000
1773016200000,66170.41000000,66773.00000000,66170.41000000,66370.01000000,555.24055000
1773018000000,66370.01000000,66650.74000000,66131.25000000,66480.85000000,1713.87931000
1773019800000,66480.84000000,66698.05000000,66182.20000000,66196.01000000,549.90951000
1773021600000,66196.01000000,66354.00000000,65959.00000000,66120.30000000,433.05497000
1773023400000,66120.30000000,66707.58000000,66092.63000000,66537.32000000,319.51617000
1773025200000,66537.32000000,67668.64000000,66512.88000000,67223.52000000,953.84775000
1773027000000,67223.52000000,67381.66000000,67050.00000000,67205.05000000,302.44707000
1773028800000,67205.06000000,67610.00000000,67166.42000000,67575.86000000,277.90847000
1773030600000,67575.86000000,67575.86000000,67093.09000000,67130.14000000,570.56915000
1773032400000,67131.10000000,67415.71000000,67113.02000000,67389.83000000,180.42310000
1773034200000,67389.82000000,68069.29000000,67348.61000000,67911.16000000,965.28838000
1773036000000,67911.15000000,67939.55000000,67486.95000000,67508.24000000,399.69992000
1773037800000,67508.24000000,67559.96000000,67236.78000000,67267.18000000,179.00315000
1773039600000,67267.18000000,67322.07000000,66853.48000000,67205.06000000,629.32121000
1773041400000,67205.07000000,67575.81000000,67204.24000000,67555.13000000,624.13468000
1773043200000,67555.13000000,67838.38000000,67391.89000000,67813.51000000,763.48634000
1773045000000,67813.51000000,67929.19000000,67678.22000000,67814.69000000,851.94495000
1773046800000,67814.69000000,68050.00000000,67566.65000000,68011.20000000,601.40322000
1773048600000,68011.19000000,68460.09000000,67904.78000000,67981.02000000,624.03519000
1773050400000,67981.03000000,68088.92000000,67798.22000000,67800.00000000,381.32407000
1773052200000,67799.99000000,67843.44000000,67556.72000000,67608.13000000,305.79837000
1773054000000,67608.13000000,67780.75000000,67344.45000000,67478.88000000,312.01036000
1773055800000,67478.88000000,67855.82000000,67464.73000000,67764.98000000,265.57576000
1773057600000,67764.99000000,68163.73000000,67759.57000000,68153.37000000,387.57098000
1773059400000,68153.36000000,68348.26000000,67979.20000000,68151.93000000,582.75756000
1773061200000,68151.93000000,68780.00000000,68133.93000000,68773.03000000,790.74216000
1773063000000,68773.03000000,69300.00000000,68732.00000000,68976.00000000,1669.39446000
1773064800000,68975.80000000,69273.55000000,68696.28000000,69160.19000000,1154.91095000
1773066600000,69160.18000000,69480.00000000,69062.00000000,69151.50000000,1222.14707000
1773068400000,69151.50000000,69254.87000000,68977.43000000,69078.23000000,919.08743000
1773070200000,69078.23000000,69169.32000000,68717.86000000,68863.66000000,1076.36895000
1773072000000,68863.67000000,69055.39000000,68735.82000000,68961.16000000,513.92111000
1773073800000,68961.16000000,69225.00000000,68614.47000000,68960.12000000,572.09006000
1773075600000,68960.12000000,69088.49000000,68607.24000000,68624.06000000,398.49850000
1773077400000,68624.05000000,68772.54000000,68270.34000000,68600.71000000,491.04203000
1773079200000,68600.71000000,68646.86000000,68179.12000000,68541.72000000,1029.27094000
1773081000000,68541.72000000,68705.76000000,68323.17000000,68356.37000000,320.98832000
1773082800000,68356.37000000,69364.79000000,68356.37000000,69363.46000000,819.76383000
1773084600000,69363.46000000,69516.65000000,68780.00000000,68991.93000000,893.80240000
1773086400000,68991.93000000,69145.28000000,68879.72000000,68963.74000000,295.85346000
1773088200000,68963.75000000,69036.11000000,68762.20000000,68961.71000000,211.55078000
1773090000000,68961.15000000,69102.53000000,68837.11000000,68840.14000000,415.99204000
1773091800000,68840.15000000,69040.80000000,68660.94000000,68919.72000000,366.52555000
1773093600000,68919.71000000,69030.56000000,68683.44000000,68812.00000000,463.59577000
1773095400000,68812.00000000,68868.00000000,68597.00000000,68635.88000000,479.45482000
1773097200000,68635.88000000,68694.73000000,68527.00000000,68594.92000000,331.88493000
1773099000000,68594.93000000,68619.90000000,68384.69000000,68432.16000000,333.57072000
1773100800000,68432.16000000,69026.88000000,68391.41000000,68980.01000000,580.82944000
1773102600000,68980.00000000,69290.42000000,68893.52000000,69157.37000000,553.20647000
1773104400000,69157.36000000,69253.53000000,68854.00000000,68975.69000000,260.37848000
1773106200000,68975.68000000,69389.06000000,68786.04000000,69260.01000000,812.92172000
1773108000000,69260.00000000,69387.15000000,69103.12000000,69371.03000000,399.34514000
1773109800000,69371.02000000,70578.29000000,69370.00000000,70272.01000000,1611.61966000
1773111600000,70272.00000000,70370.86000000,70029.20000000,70119.05000000,482.19533000
1773113400000,70119.04000000,70125.13000000,69390.00000000,69429.85000000,614.07646000
1773115200000,69429.85000000,69831.65000000,69429.85000000,69731.35000000,584.10151000
1773117000000,69731.36000000,70132.27000000,69731.35000000,70072.94000000,527.95076000
1773118800000,70072.95000000,70355.06000000,70015.84000000,70038.09000000,704.70321000
1773120600000,70038.10000000,70130.27000000,69885.71000000,69971.34000000,169.33025000
1773122400000,69971.34000000,70185.24000000,69750.62000000,70142.59000000,313.48136000
1773124200000,70142.59000000,70164.15000000,69870.76000000,69910.91000000,827.51015000
1773126000000,69910.91000000,70527.47000000,69805.70000000,70322.97000000,841.86365000
1773127800000,70322.96000000,70546.74000000,70262.92000000,70406.01000000,938.34106000
1773129600000,70406.01000000,70986.00000000,70369.00000000,70842.22000000,1153.64742000
1773131400000,70842.23000000,71097.64000000,70611.42000000,70709.37000000,698.55242000
1773133200000,70709.37000000,71284.92000000,70653.24000000,71228.00000000,1078.06490000
1773135000000,71228.00000000,71300.00000000,70926.75000000,71078.92000000,586.76653000
1773136800000,71078.92000000,71086.86000000,70738.99000000,70759.73000000,1043.47359000
1773138600000,70759.72000000,70941.42000000,70660.89000000,70774.04000000,764.58788000
1773140400000,70774.04000000,70865.73000000,70563.33000000,70654.51000000,337.65912000
1773142200000,70654.51000000,70693.76000000,70540.40000000,70580.94000000,607.76544000
1773144000000,70580.95000000,70628.19000000,70354.38000000,70384.41000000,441.28837000
1773145800000,70384.40000000,70580.00000000,70290.88000000,70519.86000000,261.66642000
1773147600000,70519.86000000,70900.00000000,70519.86000000,70874.96000000,435.37516000
1773149400000,70874.96000000,70926.46000000,69723.25000000,69921.12000000,1209.17200000
1773151200000,69921.12000000,70150.10000000,69266.06000000,69799.30000000,1205.71817000
1773153000000,69799.30000000,71527.54000000,69791.20000000,71467.81000000,1348.01138000
1773154800000,71467.81000000,71777.00000000,70975.56000000,71348.01000000,1151.75595000
1773156600000,71348.01000000,71625.83000000,70900.05000000,71346.16000000,947.12003000
1773158400000,71346.17000000,71700.00000000,70943.31000000,71364.42000000,783.98129000
1773160200000,71364.70000000,71448.45000000,71147.37000000,71268.59000000,507.35925000
1773162000000,71268.58000000,71452.00000000,70993.45000000,71046.31000000,553.94405000
1773163800000,71046.31000000,71234.29000000,70512.64000000,70868.61000000,829.68545000
1773165600000,70868.62000000,70914.90000000,70133.34000000,70318.02000000,710.32568000
1773167400000,70318.02000000,70450.86000000,69901.00000000,70013.87000000,1127.07601000
1773169200000,70013.87000000,70290.00000000,69872.68000000,69973.93000000,474.37884000
1773171000000,69973.92000000,70105.75000000,69739.00000000,70043.63000000,518.22885000
1773172800000,70043.63000000,70270.71000000,70007.52000000,70251.20000000,242.35893000
1773174600000,70251.20000000,70350.00000000,70209.92000000,70235.60000000,429.53078000
1773176400000,70236.34000000,70417.30000000,69924.12000000,69941.48000000,315.15778000
1773178200000,69941.48000000,70048.62000000,69541.91000000,69763.01000000,515.71092000
1773180000000,69763.02000000,69869.90000000,69452.42000000,69601.21000000,598.88248000
1773181800000,69601.21000000,69766.92000000,69493.05000000,69721.58000000,338.31838000
1773183600000,69721.58000000,69866.00000000,69698.46000000,69821.37000000,462.38496000
1773185400000,69821.37000000,69981.80000000,69786.32000000,69948.63000000,702.77418000
1773187200000,69948.64000000,70161.20000000,69759.63000000,70055.16000000,490.37196000
1773189000000,70055.16000000,70173.25000000,69807.50000000,70044.87000000,238.55765000
1773190800000,70044.87000000,70144.00000000,69966.33000000,70095.71000000,754.84810000
1773192600000,70095.71000000,70127.00000000,69880.00000000,70071.26000000,192.40069000
1773194400000,70071.26000000,70119.59000000,69919.29000000,69968.58000000,886.97315000
1773196200000,69968.59000000,69968.59000000,69614.00000000,69810.72000000,725.90233000
1773198000000,69810.73000000,69887.11000000,69496.53000000,69527.22000000,540.02321000
1773199800000,69525.65000000,69641.64000000,69488.70000000,69551.91000000,573.39088000
1773201600000,69551.91000000,69986.81000000,69501.55000000,69980.15000000,432.93592000
1773203400000,69980.15000000,70281.87000000,69919.83000000,70130.99000000,326.48008000
1773205200000,70130.99000000,70200.96000000,69880.00000000,69943.67000000,185.70295000
1773207000000,69943.67000000,69954.93000000,69420.00000000,69510.36000000,572.11083000
1773208800000,69510.37000000,69821.48000000,69500.01000000,69804.18000000,216.64532000
1773210600000,69804.19000000,69996.00000000,69712.24000000,69950.01000000,175.09229000
1773212400000,69950.01000000,70018.49000000,69764.62000000,69791.28000000,318.37580000
1773214200000,69791.29000000,69791.29000000,69500.67000000,69648.29000000,853.20145000
1773216000000,69648.28000000,69771.48000000,69500.00000000,69503.53000000,243.35666000
1773217800000,69503.54000000,69786.32000000,69500.00000000,69662.24000000,429.20199000
1773219600000,69662.24000000,69664.80000000,69531.57000000,69531.57000000,457.52230000
1773221400000,69531.57000000,69752.06000000,69384.50000000,69466.75000000,481.53422000
1773223200000,69466.75000000,69597.90000000,69390.91000000,69500.00000000,429.48496000
1773225000000,69499.99000000,69726.45000000,69476.90000000,69604.90000000,598.85901000
1773226800000,69604.90000000,69755.10000000,69417.37000000,69447.45000000,585.95445000
1773228600000,69447.45000000,69553.69000000,69150.28000000,69173.00000000,312.81809000
1773230400000,69172.99000000,69447.26000000,68977.91000000,69427.30000000,427.42279000
1773232200000,69427.30000000,69777.66000000,69152.57000000,69361.13000000,618.21790000
1773234000000,69361.13000000,70378.78000000,69331.04000000,70219.78000000,979.51900000
1773235800000,70219.79000000,71091.18000000,69793.17000000,70186.09000000,1667.80248000
1773237600000,70186.08000000,70794.39000000,69906.77000000,70664.16000000,1390.16729000
1773239400000,70664.17000000,70987.00000000,70446.62000000,70578.70000000,861.60929000
1773241200000,70578.70000000,70654.43000000,69994.73000000,70206.00000000,912.53269000
1773243000000,70206.00000000,70327.64000000,69702.25000000,70227.91000000,932.16361000
1773244800000,70227.92000000,70596.51000000,70161.78000000,70463.49000000,802.84824000
1773246600000,70463.49000000,70826.39000000,70451.89000000,70570.71000000,1035.07580000
1773248400000,70570.71000000,71312.15000000,70560.08000000,71252.42000000,1292.00851000
1773250200000,71252.42000000,71321.00000000,70512.01000000,70785.99000000,830.19800000
1773252000000,70785.99000000,70895.31000000,70614.00000000,70703.99000000,575.02142000
1773253800000,70703.99000000,70777.17000000,70415.27000000,70617.64000000,559.11269000
1773255600000,70617.63000000,70631.89000000,70375.68000000,70526.47000000,419.89940000
1773257400000,70526.47000000,70742.38000000,70477.86000000,70641.82000000,224.33211000
1773259200000,70641.81000000,70645.68000000,70394.23000000,70439.89000000,186.49200000
1773261000000,70439.90000000,70700.00000000,70439.89000000,70634.96000000,196.85296000
1773262800000,70634.96000000,70776.71000000,70499.94000000,70543.63000000,266.02053000
1773264600000,70543.62000000,70777.17000000,70539.60000000,70741.26000000,310.40630000
1773266400000,70741.27000000,70950.00000000,70470.08000000,70489.55000000,272.10711000
1773268200000,70489.55000000,70526.85000000,70241.53000000,70373.01000000,826.15801000
1773270000000,70373.01000000,70505.00000000,70316.06000000,70367.12000000,199.92943000
1773271800000,70367.12000000,70424.00000000,70125.83000000,70191.86000000,441.63357000
1773273600000,70191.86000000,70353.87000000,70130.23000000,70252.50000000,538.21344000
1773275400000,70252.49000000,70340.85000000,70138.02000000,70225.34000000,119.88019000
1773277200000,70225.34000000,70226.94000000,69874.87000000,69897.58000000,359.45423000
1773279000000,69897.58000000,69997.22000000,69754.94000000,69841.31000000,401.09840000
1773280800000,69841.30000000,69887.93000000,69511.86000000,69605.45000000,252.14616000
1773282600000,69605.45000000,69643.46000000,69226.52000000,69286.56000000,490.24313000
1773284400000,69286.55000000,69500.00000000,69246.23000000,69420.01000000,186.91669000
1773286200000,69420.00000000,69628.25000000,69285.71000000,69446.61000000,228.22173000
1773288000000,69446.61000000,69676.88000000,69446.60000000,69485.49000000,181.88184000
1773289800000,69485.49000000,69485.49000000,69296.43000000,69372.00000000,254.80024000
1773291600000,69372.00000000,69478.21000000,69205.91000000,69256.95000000,337.88113000
1773293400000,69256.95000000,69539.61000000,69252.56000000,69480.54000000,396.85930000
1773295200000,69480.54000000,69561.84000000,69315.63000000,69536.39000000,433.41606000
1773297000000,69536.40000000,69549.72000000,69392.76000000,69501.44000000,286.35288000
1773298800000,69501.45000000,69640.46000000,69408.88000000,69606.40000000,273.11699000
1773300600000,69606.40000000,69865.98000000,69600.00000000,69826.19000000,557.66498000
1773302400000,69826.19000000,70116.37000000,69721.00000000,69807.85000000,550.58847000
1773304200000,69807.84000000,69943.63000000,69698.33000000,69917.37000000,695.74035000
1773306000000,69917.36000000,69918.24000000,69580.00000000,69678.29000000,725.17744000
1773307800000,69678.29000000,70400.00000000,69678.29000000,69952.51000000,559.13818000
1773309600000,69952.51000000,70202.85000000,69856.00000000,70149.15000000,322.36734000
1773311400000,70149.14000000,70511.00000000,70138.81000000,70412.11000000,588.67168000
1773313200000,70412.10000000,70633.66000000,70367.97000000,70557.24000000,611.01297000
1773315000000,70557.24000000,70800.00000000,70405.45000000,70427.91000000,596.68764000
1773316800000,70427.90000000,70483.99000000,70277.38000000,70420.58000000,528.90971000
1773318600000,70420.59000000,70617.66000000,70286.02000000,70381.80000000,318.60830000
1773320400000,70381.80000000,70534.65000000,69990.00000000,70111.28000000,349.16316000
1773322200000,70111.27000000,70462.76000000,69645.00000000,69972.15000000,991.61224000
1773324000000,69972.20000000,70660.69000000,69923.03000000,69953.32000000,1162.81788000
1773325800000,69953.32000000,70002.70000000,69355.34000000,69590.09000000,967.86054000
1773327600000,69590.09000000,70430.81000000,69476.14000000,70299.22000000,846.88061000
1773329400000,70299.21000000,70565.43000000,70142.38000000,70334.88000000,931.62402000
1773331200000,70334.89000000,70569.15000000,69905.71000000,70063.65000000,746.84468000
1773333000000,70063.64000000,70519.99000000,70040.00000000,70381.16000000,524.57319000
1773334800000,70381.15000000,70547.19000000,70202.84000000,70300.01000000,395.70492000
1773336600000,70300.01000000,70444.64000000,70076.16000000,70212.06000000,448.23059000
1773338400000,70212.05000000,70303.51000000,69877.88000000,70019.71000000,349.78393000
1773340200000,70019.71000000,70100.00000000,69800.00000000,69819.64000000,393.07405000
1773342000000,69819.64000000,70220.72000000,69770.85000000,70209.97000000,390.56159000
1773343800000,70209.98000000,70548.81000000,70202.16000000,70432.32000000,367.28505000
1773345600000,70432.33000000,70555.20000000,70261.06000000,70307.03000000,469.61908000
1773347400000,70307.03000000,70307.03000000,70111.28000000,70164.49000000,148.56645000
1773349200000,70164.50000000,70470.00000000,70164.50000000,70289.11000000,159.87096000
1773351000000,70289.11000000,70383.48000000,70200.91000000,70268.55000000,196.03137000
1773352800000,70268.54000000,70305.26000000,70116.36000000,70180.62000000,280.20891000
1773354600000,70180.62000000,70224.40000000,70013.17000000,70175.64000000,187.21593000
1773356400000,70175.64000000,70734.25000000,70159.35000000,70537.45000000,460.58852000
1773358200000,70537.44000000,70666.00000000,70466.92000000,70541.34000000,433.99336000
1773360000000,70541.34000000,71759.60000000,70386.01000000,71482.53000000,1789.38462000
1773361800000,71482.53000000,72000.00000000,71244.40000000,71475.61000000,1067.92652000
1773363600000,71475.60000000,71759.95000000,71471.40000000,71527.19000000,437.17995000
1773365400000,71527.20000000,71706.63000000,71283.99000000,71672.39000000,538.56671000
1773367200000,71672.38000000,71696.68000000,71426.15000000,71454.56000000,613.63973000
1773369000000,71454.56000000,71485.55000000,71045.52000000,71143.80000000,381.17565000
1773370800000,71143.80000000,71287.82000000,71070.81000000,71093.82000000,251.63951000
1773372600000,71093.81000000,71508.87000000,70964.43000000,71405.75000000,676.18183000
1773374400000,71405.76000000,71493.77000000,71214.01000000,71319.52000000,534.66906000
1773376200000,71319.52000000,71437.08000000,71271.43000000,71393.94000000,246.25592000
1773378000000,71393.93000000,71450.00000000,71242.02000000,71413.80000000,502.38684000
1773379800000,71413.79000000,71637.54000000,71413.79000000,71546.29000000,676.51722000
1773381600000,71546.28000000,71593.22000000,71211.25000000,71241.61000000,361.95983000
1773383400000,71241.61000000,71383.00000000,71180.19000000,71342.00000000,720.01621000
1773385200000,71342.00000000,71584.57000000,71236.08000000,71513.96000000,344.23392000
1773387000000,71513.95000000,71672.76000000,71382.05000000,71612.22000000,795.59798000
1773388800000,71612.23000000,71650.68000000,71385.28000000,71588.04000000,428.91632000
1773390600000,71588.04000000,72142.85000000,71574.14000000,71821.02000000,1391.25164000
1773392400000,71821.01000000,71975.59000000,71589.81000000,71818.07000000,578.99315000
1773394200000,71818.06000000,72100.37000000,71788.99000000,72006.57000000,346.22127000
1773396000000,72006.56000000,72489.00000000,71995.53000000,72347.52000000,968.65033000
1773397800000,72347.52000000,72575.98000000,72325.59000000,72458.12000000,666.70094000
1773399600000,72458.11000000,72526.12000000,72232.41000000,72326.50000000,434.16789000
1773401400000,72326.50000000,72364.44000000,72207.41000000,72228.82000000,290.24916000
1773403200000,72228.81000000,72510.26000000,72210.00000000,72412.15000000,268.95092000
1773405000000,72412.15000000,72884.68000000,72330.67000000,72784.73000000,873.98149000
1773406800000,72784.73000000,73264.17000000,72684.88000000,73023.17000000,1616.06688000
1773408600000,73023.17000000,73585.27000000,72750.27000000,73379.18000000,1681.33513000
1773410400000,73379.18000000,73897.00000000,73238.83000000,73738.52000000,2076.74574000
1773412200000,73738.52000000,73913.74000000,72350.00000000,72382.72000000,2481.30457000
1773414000000,72382.72000000,72829.12000000,72168.00000000,72463.71000000,1651.27718000
1773415800000,72463.71000000,72593.69000000,71736.34000000,71831.46000000,1654.17753000
1773417600000,71831.46000000,71944.57000000,71154.54000000,71393.26000000,1247.84215000
1773419400000,71393.25000000,72100.00000000,71379.70000000,71885.57000000,1086.50395000
1773421200000,71885.56000000,72249.99000000,71595.71000000,71659.82000000,1023.19449000
1773423000000,71659.81000000,71688.10000000,70914.09000000,71037.93000000,866.50625000
1773424800000,71037.93000000,71258.90000000,70841.23000000,71195.34000000,534.65742000
1773426600000,71195.33000000,71350.94000000,71008.20000000,71055.45000000,203.53057000
1773428400000,71055.45000000,71309.94000000,71006.19000000,71082.04000000,242.37405000
1773430200000,71082.04000000,71256.56000000,71041.38000000,71189.95000000,264.70418000
1773432000000,71189.96000000,71468.66000000,71150.00000000,71307.96000000,252.21606000
1773433800000,71307.96000000,71469.53000000,71279.11000000,71346.84000000,302.25684000
1773435600000,71346.84000000,71491.03000000,71138.02000000,71165.41000000,162.12708000
1773437400000,71165.42000000,71305.61000000,71058.25000000,71104.65000000,488.01630000
1773439200000,71104.65000000,71189.26000000,70643.52000000,70671.43000000,577.54398000
1773441000000,70671.43000000,70816.82000000,70559.02000000,70814.00000000,285.79479000
1773442800000,70814.00000000,71005.30000000,70688.45000000,70900.01000000,673.96354000
1773444600000,70900.01000000,70991.02000000,70864.01000000,70930.00000000,439.06349000
1773446400000,70930.01000000,70951.80000000,70744.01000000,70916.78000000,296.03727000
1773448200000,70916.77000000,70928.55000000,70555.00000000,70631.97000000,467.46707000
1773450000000,70631.96000000,70804.75000000,70631.96000000,70780.47000000,152.38184000
1773451800000,70780.48000000,70941.05000000,70481.70000000,70831.70000000,639.16949000
1773453600000,70831.70000000,70897.55000000,70780.82000000,70810.48000000,345.99245000
1773455400000,70810.49000000,70948.66000000,70735.21000000,70783.27000000,667.68288000
1773457200000,70783.27000000,71151.05000000,70783.26000000,71041.67000000,663.07040000
1773459000000,71041.68000000,71185.23000000,71041.68000000,71081.30000000,281.65221000
1773460800000,71081.31000000,71216.28000000,71062.00000000,71204.64000000,408.70295000
1773462600000,71204.65000000,71307.92000000,71021.11000000,71039.58000000,298.37770000
1773464400000,71039.57000000,71151.30000000,70983.32000000,71109.76000000,408.46813000
1773466200000,71109.76000000,71114.00000000,70916.96000000,71013.75000000,350.87257000
1773468000000,71013.75000000,71013.75000000,70700.00000000,70711.90000000,200.94231000
1773469800000,70711.90000000,70741.22000000,70317.00000000,70622.08000000,511.23441000
1773471600000,70622.09000000,70739.99000000,70560.58000000,70684.01000000,212.82776000
1773473400000,70684.01000000,70743.88000000,70489.03000000,70596.68000000,538.15649000
1773475200000,70596.68000000,70710.76000000,70567.14000000,70671.78000000,278.69583000
1773477000000,70671.79000000,70698.86000000,70536.58000000,70585.63000000,182.75225000
1773478800000,70585.64000000,70728.07000000,70557.45000000,70702.82000000,382.16773000
1773480600000,70702.81000000,70702.81000000,70400.00000000,70501.16000000,511.80623000
1773482400000,70501.16000000,70571.76000000,70424.46000000,70472.30000000,174.03024000
1773484200000,70472.29000000,70575.10000000,70389.08000000,70570.44000000,450.32498000
1773486000000,70570.44000000,70717.02000000,70562.66000000,70663.76000000,270.02486000
1773487800000,70663.77000000,70784.38000000,70625.43000000,70751.42000000,245.15612000
1773489600000,70751.42000000,70835.48000000,70702.98000000,70713.78000000,175.21507000
1773491400000,70713.78000000,70798.37000000,70616.44000000,70780.59000000,297.34716000
1773493200000,70780.59000000,70930.01000000,70711.54000000,70930.00000000,506.29303000
1773495000000,70930.00000000,70930.56000000,70795.64000000,70847.35000000,380.20647000
1773496800000,70847.34000000,70941.17000000,70696.07000000,70824.24000000,155.59927000
1773498600000,70824.24000000,70838.22000000,70578.76000000,70599.22000000,173.57028000
1773500400000,70599.23000000,70728.59000000,70563.56000000,70686.69000000,439.36188000
1773502200000,70684.05000000,70684.05000000,70501.00000000,70580.09000000,409.98466000
1773504000000,70580.09000000,70662.82000000,70500.00000000,70662.74000000,214.63747000
1773505800000,70662.75000000,70709.40000000,70599.16000000,70672.53000000,164.64599000
1773507600000,70672.52000000,70733.02000000,70641.68000000,70732.18000000,68.29632000
1773509400000,70732.19000000,70732.19000000,70590.00000000,70617.01000000,66.07455000
1773511200000,70617.01000000,70626.00000000,70559.35000000,70618.05000000,43.33614000
1773513000000,70618.05000000,70708.88000000,70618.04000000,70668.23000000,52.46745000
1773514800000,70668.23000000,70708.00000000,70595.14000000,70671.98000000,41.23918000
1773516600000,70671.98000000,70740.34000000,70641.15000000,70700.00000000,36.23385000
1773518400000,70699.99000000,70765.48000000,70650.09000000,70735.78000000,39.42958000
1773520200000,70735.78000000,70856.40000000,70735.77000000,70805.71000000,74.58894000
1773522000000,70805.71000000,70805.71000000,70661.06000000,70690.42000000,60.92319000
1773523800000,70690.42000000,70825.04000000,70680.00000000,70799.99000000,52.99006000
1773525600000,70799.99000000,70805.15000000,70712.48000000,70736.39000000,44.79961000
1773527400000,70736.40000000,70801.49000000,70695.29000000,70710.91000000,44.44354000
1773529200000,70710.90000000,71093.72000000,70710.90000000,71034.44000000,276.92736000
1773531000000,71034.44000000,71253.17000000,71024.00000000,71211.95000000,260.64215000
1773532800000,71211.95000000,71220.74000000,71004.01000000,71066.50000000,340.54219000
1773534600000,71066.50000000,71119.41000000,70967.59000000,70985.28000000,235.69785000
1773536400000,70985.29000000,71037.41000000,70891.99000000,70933.69000000,250.82520000
1773538200000,70933.68000000,71035.10000000,70858.82000000,70985.83000000,89.71956000
1773540000000,70985.84000000,71380.00000000,70985.84000000,71268.29000000,379.65169000
1773541800000,71268.29000000,71634.08000000,71165.41000000,71450.53000000,515.43974000
1773543600000,71450.54000000,71538.03000000,71312.21000000,71341.38000000,427.37912000
1773545400000,71341.38000000,71440.06000000,71240.68000000,71363.14000000,352.30890000
1773547200000,71363.13000000,71661.55000000,71330.66000000,71538.04000000,296.40769000
1773549000000,71538.04000000,71644.45000000,71401.93000000,71606.32000000,483.37114000
1773550800000,71606.31000000,71800.68000000,71476.00000000,71630.28000000,582.10557000
1773552600000,71630.28000000,71704.54000000,71483.52000000,71489.68000000,210.85688000
1773554400000,71489.67000000,71595.43000000,71453.39000000,71466.15000000,297.85643000
1773556200000,71466.16000000,71475.64000000,71373.75000000,71458.41000000,231.04276000
1773558000000,71458.41000000,71658.44000000,71428.52000000,71567.56000000,151.42187000
1773559800000,71567.56000000,71567.57000000,71411.88000000,71453.59000000,124.63161000
1773561600000,71453.59000000,71736.72000000,71453.59000000,71586.22000000,336.26442000
1773563400000,71586.21000000,71730.01000000,71503.63000000,71717.50000000,215.13903000
1773565200000,71717.50000000,71940.49000000,71715.92000000,71847.41000000,542.62821000
1773567000000,71847.42000000,71875.58000000,71713.90000000,71791.10000000,98.30835000
1773568800000,71791.11000000,71919.19000000,71714.37000000,71862.46000000,283.25830000
1773570600000,71862.47000000,71867.40000000,71783.09000000,71783.09000000,241.75520000
1773572400000,71783.10000000,71813.96000000,71663.16000000,71695.56000000,178.16423000
1773574200000,71695.55000000,71888.00000000,71659.71000000,71839.42000000,274.62776000
1773576000000,71839.41000000,71839.42000000,71664.24000000,71706.97000000,145.66062000
1773577800000,71706.97000000,71733.23000000,71560.21000000,71610.33000000,179.10187000
1773579600000,71610.33000000,71679.81000000,71263.99000000,71526.90000000,609.35499000
1773581400000,71526.91000000,71623.03000000,71280.00000000,71607.54000000,499.12690000
1773583200000,71607.54000000,71624.60000000,71406.77000000,71457.39000000,197.12610000
1773585000000,71457.39000000,71635.56000000,71341.68000000,71622.03000000,254.96633000
1773586800000,71622.04000000,71626.00000000,71459.50000000,71472.80000000,114.92537000
1773588600000,71472.80000000,71543.64000000,71410.00000000,71481.24000000,95.08722000
1773590400000,71481.24000000,71586.75000000,71320.08000000,71405.70000000,145.09175000
1773592200000,71405.69000000,71500.00000000,71330.56000000,71437.35000000,157.52596000
1773594000000,71437.35000000,71543.31000000,71409.74000000,71515.17000000,118.75694000
1773595800000,71515.16000000,71989.93000000,71483.84000000,71819.95000000,247.04368000
1773597600000,71819.96000000,71885.55000000,71688.80000000,71726.37000000,128.90991000
1773599400000,71726.38000000,71828.00000000,71321.87000000,71390.53000000,192.19684000
1773601200000,71390.53000000,71546.72000000,71338.67000000,71525.33000000,177.89171000
1773603000000,71525.33000000,71582.83000000,71460.93000000,71549.94000000,73.70801000
1773604800000,71549.94000000,71575.16000000,71433.75000000,71485.60000000,41.72613000
1773606600000,71485.61000000,71930.00000000,71485.61000000,71730.81000000,194.81953000
1773608400000,71730.81000000,71810.06000000,71629.99000000,71761.24000000,106.23512000
1773610200000,71761.25000000,72222.00000000,71761.25000000,72109.58000000,353.56830000
1773612000000,72109.59000000,72313.64000000,71725.74000000,71931.49000000,347.11416000
1773613800000,71931.49000000,73081.77000000,71931.49000000,72749.44000000,1124.33529000
1773615600000,72749.45000000,73199.00000000,72473.55000000,72479.04000000,1009.24659000
1773617400000,72479.05000000,72824.00000000,72420.44000000,72815.24000000,384.38402000
1773619200000,72815.25000000,73008.94000000,72501.98000000,72512.30000000,396.79649000
1773621000000,72512.31000000,72687.24000000,72452.26000000,72531.26000000,288.63801000
1773622800000,72531.27000000,72688.00000000,72270.41000000,72645.39000000,425.00049000
1773624600000,72645.38000000,72852.28000000,72484.12000000,72752.90000000,290.87564000
1773626400000,72752.90000000,72852.28000000,72386.00000000,72451.44000000,327.42162000
1773628200000,72451.43000000,72593.58000000,72368.08000000,72514.69000000,159.69805000
1773630000000,72514.69000000,72883.27000000,72436.02000000,72857.64000000,252.49965000
1773631800000,72857.64000000,74330.34000000,72856.56000000,73573.32000000,3172.22704000
1773633600000,73573.31000000,74059.97000000,73573.31000000,73605.90000000,870.84591000
1773635400000,73605.90000000,74451.03000000,73603.02000000,73835.62000000,1036.92170000
1773637200000,73835.62000000,74089.98000000,73733.60000000,73909.56000000,581.34536000
1773639000000,73909.56000000,74258.07000000,73720.00000000,74207.49000000,839.77635000
1773640800000,74207.49000000,74207.50000000,73610.00000000,73711.00000000,767.06097000
1773642600000,73710.99000000,73856.51000000,73701.01000000,73714.36000000,462.33739000
1773644400000,73714.36000000,73924.83000000,73649.73000000,73835.35000000,374.63186000
1773646200000,73835.35000000,73872.48000000,73385.18000000,73456.68000000,584.30552000
1773648000000,73456.69000000,73776.13000000,73352.05000000,73352.06000000,671.75192000
1773649800000,73352.05000000,73364.20000000,72888.80000000,73135.00000000,890.31662000
1773651600000,73135.00000000,73280.00000000,73057.25000000,73278.00000000,293.82529000
1773653400000,73277.99000000,73331.88000000,73182.76000000,73260.92000000,237.89561000
1773655200000,73260.92000000,73497.77000000,73260.91000000,73453.71000000,423.21400000
1773657000000,73453.71000000,73783.42000000,73202.89000000,73783.42000000,615.23865000
1773658800000,73783.42000000,73838.76000000,73535.62000000,73556.24000000,266.49237000
1773660600000,73556.24000000,73677.32000000,73515.33000000,73552.77000000,414.19948000
1773662400000,73552.78000000,73894.56000000,73465.46000000,73878.04000000,449.97809000
1773664200000,73878.05000000,74044.00000000,73713.63000000,73864.80000000,471.57950000
1773666000000,73864.81000000,74006.58000000,73787.00000000,73902.90000000,210.56792000
1773667800000,73902.89000000,74509.52000000,73838.00000000,74109.55000000,1382.94274000
1773669600000,74109.56000000,74460.19000000,73604.85000000,73618.49000000,866.57661000
1773671400000,73618.49000000,73640.72000000,72990.52000000,73565.54000000,1338.11926000
1773673200000,73565.54000000,73908.17000000,73325.00000000,73841.21000000,570.79712000
1773675000000,73841.21000000,74030.00000000,73186.50000000,73274.76000000,453.85865000
1773676800000,73274.75000000,73503.31000000,73160.66000000,73413.67000000,456.55322000
1773678600000,73413.68000000,73901.95000000,73322.98000000,73760.63000000,560.16859000
1773680400000,73760.63000000,73950.05000000,73679.19000000,73683.26000000,348.39205000
1773682200000,73683.27000000,74065.70000000,73648.70000000,73943.18000000,557.65203000
1773684000000,73943.17000000,74336.00000000,73907.13000000,74248.86000000,741.90019000
1773685800000,74249.32000000,74356.32000000,73860.00000000,73913.60000000,345.05727000
1773687600000,73913.60000000,74418.60000000,73781.54000000,74110.13000000,703.94702000
1773689400000,74110.13000000,74247.50000000,73848.48000000,73963.00000000,418.13809000
1773691200000,73963.00000000,73982.46000000,73863.20000000,73918.80000000,128.16722000
